SampleTimeStamp;SentTimeStamp;ReceivedTimeStamp;latitude;longitude;
1513176470.912333;1513176470.912333;1513176470.912396;57.77346206663668;12.76642086197361;
1513176470.992566;1513176470.992566;1513176470.993075;57.77346170531887;12.7664230668221;
1513176471.046207;1513176471.046207;1513176471.046317;57.77346133618625;12.7664253219438;
1513176471.109364;1513176471.109364;1513176471.109468;57.77346095896744;12.76642762667632;
1513176471.271124;1513176471.271124;1513176471.271231;57.77346057593628;12.76642997145425;
1513176471.309815;1513176471.309815;1513176471.309986;57.77346038102723;12.76643116326555;
1513176471.388864;1513176471.388864;1513176471.388963;57.77345998500481;12.76643358748397;
1513176471.469204;1513176471.469204;1513176471.469305;57.77345958044007;12.76643606634654;
1513176471.548951;1513176471.548951;1513176471.549046;57.77345916636625;12.76643859985753;
1513176471.628739;1513176471.628739;1513176471.628839;57.77345874261815;12.76644118678424;
1513176471.688768;1513176471.688768;1513176471.68887;57.77345852692843;12.76644250048648;
1513176471.761992;1513176471.761992;1513176471.762162;57.7734580884206;12.76644516603274;
1513176471.775451;1513176471.775451;1513176471.775556;57.77345764151019;12.76644788520302;
1513176471.783;1513176471.783;1513176471.783323;57.77345718739433;12.76645065782748;
1513176471.792934;1513176471.792934;1513176471.793409;57.77345672620905;12.76645348171262;
1513176471.809351;1513176471.809351;1513176471.809455;57.77345625549642;12.76645635560055;
1513176471.827729;1513176471.827729;1513176471.828351;57.77345577575082;12.76645927778157;
1513176471.849539;1513176471.849539;1513176471.849643;57.77345528827655;12.76646224856321;
1513176471.86337;1513176471.86337;1513176471.863842;57.77345479334935;12.76646526499971;
1513176471.942242;1513176471.942242;1513176471.942339;57.77345429174206;12.76646832742026;
1513176472.019426;1513176472.019426;1513176472.019527;57.7734537833684;12.76647143569338;
1513176472.046955;1513176472.046955;1513176472.04706;57.77345326737797;12.76647458631932;
1513176472.112633;1513176472.112633;1513176472.112735;57.77345274249285;12.766477773002;
1513176472.169191;1513176472.169191;1513176472.169295;57.77345221274023;12.76648099410701;
1513176472.18043;1513176472.18043;1513176472.18054;57.77345167798013;12.7664842561007;
1513176472.192668;1513176472.192668;1513176472.19277;57.77345113940762;12.76648755704898;
1513176472.199702;1513176472.199702;1513176472.199799;57.77345059413055;12.76649089881475;
1513176472.20619;1513176472.20619;1513176472.206282;57.7734500422483;12.76649428359563;
1513176472.215789;1513176472.215789;1513176472.216289;57.77344948690006;12.76649771120602;
1513176472.29275;1513176472.29275;1513176472.29832;57.77344892489326;12.7665011837873;
1513176472.411165;1513176472.411165;1513176472.412622;57.77344835561589;12.76650469713997;
1513176472.451078;1513176472.451078;1513176472.451225;57.77344806828719;12.76650647008281;
1513176472.534005;1513176472.534005;1513176472.534113;57.77344748749004;12.76651004561076;
1513176472.612023;1513176472.612023;1513176472.615092;57.77344690000059;12.76651365442531;
1513176472.631921;1513176472.631921;1513176472.633642;57.77344630846009;12.76651728625338;
1513176472.665258;1513176472.665258;1513176472.665364;57.77344571405425;12.76652093839689;
1513176472.685108;1513176472.685108;1513176472.685534;57.77344541634972;12.76652277096223;
1513176472.702245;1513176472.702245;1513176472.702376;57.77344481878276;12.7665264468017;
1513176472.714891;1513176472.714891;1513176472.71506;57.773444220087;12.76653013578886;
1513176472.726702;1513176472.726702;1513176472.726854;57.77344362039787;12.76653383394396;
1513176472.739341;1513176472.739341;1513176472.73947;57.77344302052289;12.76653753769755;
1513176472.799024;1513176472.799024;1513176472.799129;57.77344212259554;12.76654309859731;
1513176472.878753;1513176472.878753;1513176472.879978;57.77344152557989;12.76654680738597;
1513176472.95889;1513176472.95889;1513176472.958993;57.77344092914726;12.76655051621113;
1513176473.034332;1513176473.034332;1513176473.034442;57.77344033126862;12.76655422484951;
1513176473.058498;1513176473.058498;1513176473.058601;57.77343973329376;12.76655793258026;
1513176473.067406;1513176473.067406;1513176473.067508;57.77343913654641;12.76656163577687;
1513176473.102836;1513176473.102836;1513176473.104667;57.77343854054801;12.76656533219653;
1513176473.128582;1513176473.128582;1513176473.129468;57.77343794714432;12.76656901772115;
1513176473.154434;1513176473.154434;1513176473.154543;57.77343735576655;12.76657269122089;
1513176473.179179;1513176473.179179;1513176473.179311;57.77343676521481;12.76657635363837;
1513176473.201243;1513176473.201243;1513176473.201354;57.77343617604416;12.76658000543014;
1513176473.225032;1513176473.225032;1513176473.225133;57.77343558811783;12.76658364618774;
1513176473.240209;1513176473.240209;1513176473.241527;57.77343499994285;12.76658727473151;
1513176473.318984;1513176473.318984;1513176473.319115;57.77343441399612;12.76659089154472;
1513176473.41261;1513176473.41261;1513176473.412733;57.77343383228627;12.76659449440393;
1513176473.511155;1513176473.511155;1513176473.511265;57.77343296601835;12.76659987229704;
1513176473.551236;1513176473.551236;1513176473.553246;57.77343210371022;12.76660521889162;
1513176473.580557;1513176473.580557;1513176473.580657;57.77343153012126;12.76660876691155;
1513176473.616918;1513176473.616918;1513176473.61702;57.77343039383438;12.76661583135203;
1513176473.631809;1513176473.631809;1513176473.631916;57.77342983021225;12.76661934565047;
1513176473.672575;1513176473.672575;1513176473.673423;57.7734292679129;12.766622846362;
1513176473.752545;1513176473.752545;1513176473.752694;57.77342870595707;12.76662633277383;
1513176473.83268;1513176473.83268;1513176473.832784;57.77342814444399;12.7666298060652;
1513176473.912561;1513176473.912561;1513176473.912911;57.77342758470731;12.76663326744581;
1513176473.992755;1513176473.992755;1513176473.992861;57.77342702636106;12.76663671793641;
1513176474.040105;1513176474.040105;1513176474.040205;57.77342647115525;12.76664015716278;
1513176474.069106;1513176474.069106;1513176474.069214;57.77342591977587;12.76664358415714;
1513176474.103486;1513176474.103486;1513176474.10361;57.77342537042331;12.76664699819645;
1513176474.11632;1513176474.11632;1513176474.116425;57.7734248227654;12.76665039977287;
1513176474.130233;1513176474.130233;1513176474.130333;57.77342427738198;12.76665378901711;
1513176474.152128;1513176474.152128;1513176474.152511;57.7734237351626;12.76665716718041;
1513176474.171775;1513176474.171775;1513176474.171882;57.77342319706463;12.76666053423421;
1513176474.19012;1513176474.19012;1513176474.190361;57.77342266205186;12.76666388993908;
1513176474.223413;1513176474.223413;1513176474.223525;57.77342213006007;12.76666723473457;
1513176474.295883;1513176474.295883;1513176474.296043;57.77342160073767;12.76667056853012;
1513176474.372795;1513176474.372795;1513176474.372895;57.77342107361863;12.76667389047448;
1513176474.42483;1513176474.42483;1513176474.431549;57.77342054847627;12.76667719989073;
1513176474.509663;1513176474.509663;1513176474.509768;57.77342002672071;12.76668049880018;
1513176474.554734;1513176474.554734;1513176474.554832;57.77341924995244;12.76668542883575;
1513176474.579927;1513176474.579927;1513176474.580214;57.77341873501846;12.76668870183072;
1513176474.601205;1513176474.601205;1513176474.602447;57.77341822066508;12.7666919627879;
1513176474.6244;1513176474.6244;1513176474.624502;57.77341770633647;12.76669521106745;
1513176474.682036;1513176474.682036;1513176474.682146;57.77341693788799;12.76670006407063;
1513176474.732492;1513176474.732492;1513176474.732597;57.77341643007854;12.76670328785947;
1513176474.772541;1513176474.772541;1513176474.772638;57.773415926114;12.76670650103086;
1513176474.853377;1513176474.853377;1513176474.853556;57.77341542467756;12.76670970315039;
1513176474.889204;1513176474.889204;1513176474.889378;57.77341492554325;12.76671289565128;
1513176474.91171;1513176474.91171;1513176474.911815;57.77341467671958;12.76671448818108;
1513176474.929572;1513176474.929572;1513176474.92968;57.7734141795945;12.76671766589691;
1513176474.941329;1513176474.941329;1513176474.941434;57.77341368389288;12.76672083333066;
1513176474.954115;1513176474.954115;1513176474.954225;57.7734131900036;12.76672399195912;
1513176474.966677;1513176474.966677;1513176474.966787;57.77341269798448;12.76672714386036;
1513176474.982964;1513176474.982964;1513176474.983069;57.77341220840292;12.76673029418377;
1513176474.999792;1513176474.999792;1513176474.999964;57.77341172009577;12.76673344425704;
1513176475.04114;1513176475.04114;1513176475.041244;57.77341123180332;12.76673659443687;
1513176475.108728;1513176475.108728;1513176475.108828;57.77341074172417;12.76673974675583;
1513176475.188806;1513176475.188806;1513176475.188909;57.77341025054055;12.76674290269262;
1513176475.258855;1513176475.258855;1513176475.258964;57.77340975902729;12.76674606537865;
1513176475.308914;1513176475.308914;1513176475.30906;57.77340926692941;12.76674923608678;
1513176475.33027;1513176475.33027;1513176475.330381;57.77340877409377;12.7667524149655;
1513176475.360647;1513176475.360647;1513176475.360826;57.77340828010693;12.76675560341682;
1513176475.383995;1513176475.383995;1513176475.3842;57.77340778449403;12.76675880304911;
1513176475.408544;1513176475.408544;1513176475.40943;57.77340728892391;12.76676200752483;
1513176475.42317;1513176475.42317;1513176475.423352;57.77340704024737;12.76676361600064;
1513176475.444019;1513176475.444019;1513176475.444197;57.77340654051137;12.76676684691768;
1513176475.4792;1513176475.4792;1513176475.479308;57.77340603643032;12.76677009588645;
1513176475.553212;1513176475.553212;1513176475.553392;57.77340552813352;12.76677336659019;
1513176475.632452;1513176475.632452;1513176475.632557;57.77340501595692;12.76677666344144;
1513176475.692991;1513176475.692991;1513176475.693102;57.77340475886407;12.76677832237863;
1513176475.759978;1513176475.759978;1513176475.760079;57.77340424215443;12.76678166341496;
1513176475.775841;1513176475.775841;1513176475.778383;57.77340372097471;12.76678503781292;
1513176475.788563;1513176475.788563;1513176475.788666;57.77340319360815;12.76678844726729;
1513176475.799323;1513176475.799323;1513176475.799427;57.77340265853079;12.76679189477998;
1513176475.83233;1513176475.83233;1513176475.832391;57.77340184308924;12.76679713964632;
1513176475.849282;1513176475.849282;1513176475.849385;57.77340129126827;12.76680068825004;
1513176475.863948;1513176475.863948;1513176475.864053;57.77340073358054;12.76680428069908;
1513176475.902421;1513176475.902421;1513176475.902539;57.77340016870302;12.76680791464836;
1513176475.982474;1513176475.982474;1513176475.982673;57.77339959592177;12.76681158908724;
1513176476.044345;1513176476.044345;1513176476.045224;57.77339901561622;12.76681530591329;
1513176476.100637;1513176476.100637;1513176476.100817;57.77339842791763;12.76681906552658;
1513176476.178928;1513176476.178928;1513176476.179341;57.77339783296492;12.76682286711226;
1513176476.192505;1513176476.192505;1513176476.192623;57.77339723062455;12.76682671381601;
1513176476.21373;1513176476.21373;1513176476.213999;57.77339662248562;12.76683060662413;
1513176476.23291;1513176476.23291;1513176476.233807;57.77339600810918;12.76683454621233;
1513176476.253434;1513176476.253434;1513176476.253842;57.77339538640832;12.76683853178966;
1513176476.297839;1513176476.297839;1513176476.297947;57.77339475438144;12.76684256090965;
1513176476.327107;1513176476.327107;1513176476.327221;57.77339411103301;12.76684663094004;
1513176476.366081;1513176476.366081;1513176476.366278;57.77339346039551;12.76685073853965;
1513176476.494559;1513176476.494559;1513176476.49502;57.77339247480412;12.76685696517276;
1513176476.552439;1513176476.552439;1513176476.553087;57.7733918015349;12.7668611679051;
1513176476.632657;1513176476.632657;1513176476.633665;57.77339111950631;12.76686541760987;
1513176476.659914;1513176476.659914;1513176476.660017;57.77339043072384;12.76686971536655;
1513176476.707103;1513176476.707103;1513176476.707213;57.77338938824979;12.76687625492555;
1513176476.739163;1513176476.739163;1513176476.739271;57.77338868733585;12.76688066980767;
1513176476.766482;1513176476.766482;1513176476.766598;57.77338798052271;12.76688512875961;
1513176476.800472;1513176476.800472;1513176476.801306;57.77338726707698;12.76688962822031;
1513176476.833803;1513176476.833803;1513176476.836264;57.77338654529425;12.76689416737989;
1513176476.859791;1513176476.859791;1513176476.861674;57.77338618157216;12.76689645170835;
1513176476.896221;1513176476.896221;1513176476.896325;57.77338544849909;12.76690105389068;
1513176476.910105;1513176476.910105;1513176476.910206;57.77338470578449;12.7669056999742;
1513176476.978923;1513176476.978923;1513176476.979025;57.77338395630181;12.76691038704944;
1513176477.041819;1513176477.041819;1513176477.041919;57.77338320126793;12.76691511499202;
1513176477.078434;1513176477.078434;1513176477.079682;57.77338244110192;12.7669198821262;
1513176477.10071;1513176477.10071;1513176477.10081;57.77338167596605;12.76692468929036;
1513176477.122927;1513176477.122927;1513176477.123056;57.77338090466834;12.76692953448479;
1513176477.14849;1513176477.14849;1513176477.148573;57.77338012850839;12.76693441932521;
1513176477.165277;1513176477.165277;1513176477.165398;57.77337934788228;12.7669393454345;
1513176477.213438;1513176477.213438;1513176477.213576;57.77337856197932;12.76694431330148;
1513176477.231258;1513176477.231258;1513176477.23136;57.77337777061435;12.76694932089625;
1513176477.247037;1513176477.247037;1513176477.247143;57.7733769726533;12.76695436962438;
1513176477.276919;1513176477.276919;1513176477.277025;57.77337616797314;12.76695945833742;
1513176477.339094;1513176477.339094;1513176477.339367;57.77337535588046;12.76696458532989;
1513176477.50243;1513176477.50243;1513176477.502537;57.77337454127285;12.76696973933591;
1513176477.527023;1513176477.527023;1513176477.527199;57.77337413216393;12.76697233056259;
1513176477.547887;1513176477.547887;1513176477.547997;57.77337330963855;12.76697754325617;
1513176477.570752;1513176477.570752;1513176477.570871;57.77337247974648;12.76698279459874;
1513176477.590021;1513176477.590021;1513176477.590209;57.77337164254708;12.76698808350328;
1513176477.614803;1513176477.614803;1513176477.61617;57.77337079822153;12.76699341015326;
1513176477.634996;1513176477.634996;1513176477.635112;57.77337037347733;12.76699608797673;
1513176477.656716;1513176477.656716;1513176477.656823;57.77336951831739;12.76700146952284;
1513176477.675747;1513176477.675747;1513176477.675857;57.77336865606335;12.76700688805458;
1513176477.703856;1513176477.703856;1513176477.703964;57.77336778817946;12.76701234351978;
1513176477.782225;1513176477.782225;1513176477.782471;57.77336691632846;12.76701783809611;
1513176477.862918;1513176477.862918;1513176477.86303;57.77336604083364;12.76702337135808;
1513176477.902614;1513176477.902614;1513176477.902718;57.77336560064072;12.76702615147073;
1513176477.982589;1513176477.982589;1513176477.986628;57.77336471425901;12.76703173892389;
1513176478.015551;1513176478.015551;1513176478.015656;57.77336382009427;12.76703736135204;
1513176478.032485;1513176478.032485;1513176478.032547;57.77336291989315;12.76704302014047;
1513176478.051271;1513176478.051271;1513176478.05138;57.77336201435043;12.76704871579911;
1513176478.081852;1513176478.081852;1513176478.08196;57.77336064572852;12.76705732353996;
1513176478.106074;1513176478.106074;1513176478.106325;57.77335972680511;12.76706310553323;
1513176478.128383;1513176478.128383;1513176478.128489;57.7733588018035;12.76706892332845;
1513176478.14583;1513176478.14583;1513176478.14594;57.77335786964465;12.76707477453431;
1513176478.168721;1513176478.168721;1513176478.170193;57.77335692941882;12.76708065862731;
1513176478.236409;1513176478.236409;1513176478.23654;57.77335598243263;12.76708657574853;
1513176478.309847;1513176478.309847;1513176478.309952;57.77335503109102;12.76709252799216;
1513176478.389484;1513176478.389484;1513176478.391686;57.77335407646103;12.76709851566322;
1513176478.436403;1513176478.436403;1513176478.436506;57.77335311933113;12.76710453852542;
1513176478.455901;1513176478.455901;1513176478.456003;57.77335215734728;12.76711059271996;
1513176478.462639;1513176478.462639;1513176478.462768;57.77335118864055;12.76711667643839;
1513176478.480297;1513176478.480297;1513176478.4804;57.77335021407055;12.76712279051618;
1513176478.500992;1513176478.500992;1513176478.501096;57.77334923375508;12.7671289336248;
1513176478.511611;1513176478.511611;1513176478.512025;57.77334824954991;12.76713510432874;
1513176478.592546;1513176478.592546;1513176478.59266;57.77334676935804;12.76714440625768;
1513176478.678385;1513176478.678385;1513176478.680344;57.77334577977248;12.76715063622398;
1513176478.752437;1513176478.752437;1513176478.752549;57.77334478687504;12.76715688571323;
1513176478.833618;1513176478.833618;1513176478.833732;57.77334378910389;12.76716315336634;
1513176478.907439;1513176478.907439;1513176478.907807;57.77334278741449;12.76716943852291;
1513176478.927101;1513176478.927101;1513176478.927207;57.7733417833571;12.76717574134436;
1513176478.95104;1513176478.95104;1513176478.951746;57.77334077451454;12.76718206544751;
1513176478.96837;1513176478.96837;1513176478.968476;57.7733397627657;12.76718841531476;
1513176478.985976;1513176478.985976;1513176478.986084;57.77333874761381;12.76719478685575;
1513176479.005244;1513176479.005244;1513176479.005353;57.77333772858498;12.76720118173453;
1513176479.016204;1513176479.016204;1513176479.016315;57.77333670651959;12.76720760063765;
1513176479.028303;1513176479.028303;1513176479.028418;57.77333567947964;12.76721403941571;
1513176479.050829;1513176479.050829;1513176479.050934;57.7733346489098;12.76722050311734;
1513176479.112512;1513176479.112512;1513176479.112674;57.77333361536807;12.76722698685476;
1513176479.19257;1513176479.19257;1513176479.192667;57.77333257943754;12.76723349362858;
1513176479.263463;1513176479.263463;1513176479.26393;57.77333153925709;12.76724002416669;
1513176479.336529;1513176479.336529;1513176479.336639;57.77333049386203;12.76724657921195;
1513176479.355922;1513176479.355922;1513176479.356033;57.77332944359934;12.76725316259186;
1513176479.376186;1513176479.376186;1513176479.376291;57.77332838756246;12.76725977485181;
1513176479.401348;1513176479.401348;1513176479.401943;57.77332732837147;12.76726641513828;
1513176479.441193;1513176479.441193;1513176479.441296;57.77332573395374;12.76727643111911;
1513176479.459962;1513176479.459962;1513176479.460098;57.77332466532516;12.76728314196291;
1513176479.485131;1513176479.485131;1513176479.485298;57.77332359203879;12.76728987842145;
1513176479.564441;1513176479.564441;1513176479.565565;57.77332251242801;12.76729663884204;
1513176479.643813;1513176479.643813;1513176479.643924;57.77332142886409;12.76730342338192;
1513176479.702833;1513176479.702833;1513176479.702936;57.7733208855204;12.76730682448598;
1513176479.785671;1513176479.785671;1513176479.785894;57.773319794892;12.76731364460844;
1513176479.802125;1513176479.802125;1513176479.802839;57.77331870201444;12.76732048724831;
1513176479.817856;1513176479.817856;1513176479.817955;57.77331760583354;12.7673273538118;
1513176479.835261;1513176479.835261;1513176479.835364;57.77331650589669;12.76733424229314;
1513176479.859215;1513176479.859215;1513176479.859908;57.77331540347604;12.76734115290896;
1513176479.874295;1513176479.874295;1513176479.874477;57.77331429769286;12.76734808678507;
1513176479.888536;1513176479.888536;1513176479.888642;57.77331318812207;12.76735504262551;
1513176479.901281;1513176479.901281;1513176479.901398;57.77331207436497;12.76736201857112;
1513176479.956898;1513176479.956898;1513176479.957008;57.77331095660471;12.76736901487377;
1513176480.038781;1513176480.038781;1513176480.039805;57.7733098367367;12.76737603113419;
1513176480.07359;1513176480.07359;1513176480.074794;57.77330871441445;12.76738306685934;
1513176480.149126;1513176480.149126;1513176480.149247;57.77330758855689;12.76739012194498;
1513176480.210502;1513176480.210502;1513176480.210641;57.77330645957932;12.76739719674589;
1513176480.221227;1513176480.221227;1513176480.222399;57.77330532574933;12.76740429067701;
1513176480.246853;1513176480.246853;1513176480.24727;57.77330418773551;12.76741140401816;
1513176480.260492;1513176480.260492;1513176480.260596;57.77330304740903;12.76741853518959;
1513176480.280158;1513176480.280158;1513176480.280252;57.77330190417299;12.76742568602958;
1513176480.297066;1513176480.297066;1513176480.297169;57.77330075709682;12.76743285457243;
1513176480.31406;1513176480.31406;1513176480.314179;57.77329960350357;12.76744003835546;
1513176480.453153;1513176480.453153;1513176480.453287;57.77329786938198;12.76745084486254;
1513176480.532718;1513176480.532718;1513176480.532826;57.77329671006434;12.76745806872859;
1513176480.615134;1513176480.615134;1513176480.615242;57.77329554809441;12.76746530869702;
1513176480.68021;1513176480.68021;1513176480.680328;57.77329438470691;12.76747256479791;
1513176480.700379;1513176480.700379;1513176480.700482;57.77329263290108;12.76748347884585;
1513176480.713322;1513176480.713322;1513176480.713437;57.77329146189284;12.76749077534835;
1513176480.726174;1513176480.726174;1513176480.726291;57.7732902888527;12.76749808796854;
1513176480.738129;1513176480.738129;1513176480.738231;57.77328911397162;12.76750541406739;
1513176480.753345;1513176480.753345;1513176480.75345;57.77328734648474;12.76751642206073;
1513176480.784076;1513176480.784076;1513176480.784435;57.77328616585978;12.76752377384775;
1513176480.862697;1513176480.862697;1513176480.86285;57.77328498325699;12.7675311364921;
1513176480.943767;1513176480.943767;1513176480.943899;57.77328379803435;12.76753851031208;
1513176481.024178;1513176481.024178;1513176481.024537;57.77328261148183;12.76754589587747;
1513176481.059971;1513176481.059971;1513176481.060075;57.77328142389909;12.76755329239683;
1513176481.118558;1513176481.118558;1513176481.119056;57.77328023446616;12.76756070018643;
1513176481.152592;1513176481.152592;1513176481.1527;57.77327904229293;12.76756811790664;
1513176481.211659;1513176481.211659;1513176481.211762;57.77327784677274;12.76757554431273;
1513176481.240663;1513176481.240663;1513176481.240759;57.77327664844628;12.76758297863222;
1513176481.293393;1513176481.293393;1513176481.29352;57.77327544880548;12.76759041964794;
1513176481.32775;1513176481.32775;1513176481.327848;57.77327424961558;12.76759786737433;
1513176481.341306;1513176481.341306;1513176481.341423;57.77327304901912;12.76760531889656;
1513176481.3679;1513176481.3679;1513176481.368031;57.77327184811388;12.76761277374472;
1513176481.392553;1513176481.392553;1513176481.392665;57.77327064580716;12.7676202315896;
1513176481.485653;1513176481.485653;1513176481.485762;57.77326944813229;12.76762768955143;
1513176481.51115;1513176481.51115;1513176481.511257;57.7732688489697;12.76763141898139;
1513176481.572714;1513176481.572714;1513176481.572821;57.77326765016156;12.7676388800992;
1513176481.602472;1513176481.602472;1513176481.602599;57.77326645023094;12.76764634135835;
1513176481.618164;1513176481.618164;1513176481.618284;57.7732652499499;12.7676538009562;
1513176481.645374;1513176481.645374;1513176481.64612;57.77326405014824;12.76766125922688;
1513176481.6665;1513176481.6665;1513176481.66668;57.77326345050024;12.76766498789505;
1513176481.686434;1513176481.686434;1513176481.686537;57.77326225238514;12.76767244300648;
1513176481.701443;1513176481.701443;1513176481.701548;57.77326105319242;12.7676798935099;
1513176481.707822;1513176481.707822;1513176481.707923;57.77325985365209;12.76768734028998;
1513176481.743382;1513176481.743382;1513176481.743662;57.77325865324853;12.76769478300393;
1513176481.819068;1513176481.819068;1513176481.819173;57.77325745376599;12.76770222326275;
1513176481.899272;1513176481.899272;1513176481.899379;57.77325625359479;12.76770966209451;
1513176481.979134;1513176481.979134;1513176481.979237;57.77325505401312;12.7677170989066;
1513176482.025823;1513176482.025823;1513176482.025949;57.77325385307405;12.76772453325469;
1513176482.068041;1513176482.068041;1513176482.071706;57.77325265214579;12.76773196610255;
1513176482.104316;1513176482.104316;1513176482.104424;57.77325145209748;12.76773939551483;
1513176482.135427;1513176482.135427;1513176482.135529;57.77325025351929;12.76774682303868;
1513176482.167001;1513176482.167001;1513176482.16821;57.77324905475349;12.76775424654303;
1513176482.197627;1513176482.197627;1513176482.197731;57.77324785586074;12.76776166584989;
1513176482.228932;1513176482.228932;1513176482.229033;57.77324665767304;12.76776908114696;
1513176482.24314;1513176482.24314;1513176482.243251;57.77324546048189;12.76777649314398;
1513176482.259835;1513176482.259835;1513176482.259971;57.7732442646079;12.76778390107653;
1513176482.273093;1513176482.273093;1513176482.273198;57.77324306850797;12.76779130581462;
1513176482.338398;1513176482.338398;1513176482.338517;57.77324187281173;12.76779870693059;
1513176482.409516;1513176482.409516;1513176482.409621;57.77324067695312;12.7678061050404;
1513176482.484754;1513176482.484754;1513176482.484861;57.77323887766391;12.7678171894914;
1513176482.529057;1513176482.529057;1513176482.529158;57.77323767779267;12.76782457359837;
1513176482.549733;1513176482.549733;1513176482.549841;57.77323647956623;12.76783195592269;
1513176482.570005;1513176482.570005;1513176482.570115;57.77323528168498;12.7678393328783;
1513176482.58654;1513176482.58654;1513176482.586642;57.77323408490538;12.76784670498778;
1513176482.600855;1513176482.600855;1513176482.60096;57.77323348729344;12.76785038846606;
1513176482.616208;1513176482.616208;1513176482.616636;57.77323229298641;12.76785774959949;
1513176482.689561;1513176482.689561;1513176482.689762;57.77323109898387;12.76786510319564;
1513176482.770262;1513176482.770262;1513176482.771699;57.77322990489109;12.76787244868815;
1513176482.849449;1513176482.849449;1513176482.849563;57.77322871253293;12.76787978894308;
1513176482.921936;1513176482.921936;1513176482.922041;57.77322752245983;12.76788712379775;
1513176482.93551;1513176482.93551;1513176482.935612;57.77322633356429;12.76789445158755;
1513176482.950358;1513176482.950358;1513176482.950421;57.77322514547714;12.76790177194935;
1513176482.961827;1513176482.961827;1513176482.962549;57.77322395689256;12.76790908297213;
1513176482.974261;1513176482.974261;1513176482.974322;57.77322276802879;12.76791638400218;
1513176482.983151;1513176482.983151;1513176482.983319;57.77322157927041;12.76792367615935;
1513176482.995692;1513176482.995692;1513176482.995929;57.77322039158427;12.76793095776965;
1513176483.022483;1513176483.022483;1513176483.02277;57.7732192038668;12.76793822930008;
1513176483.062615;1513176483.062615;1513176483.062718;57.77321801704101;12.76794549003349;
1513176483.133946;1513176483.133946;1513176483.134059;57.77321683063597;12.7679527401029;
1513176483.202699;1513176483.202699;1513176483.2028;57.77321564536354;12.76795998026842;
1513176483.282607;1513176483.282607;1513176483.282709;57.77321446072158;12.76796720952163;
1513176483.337536;1513176483.337536;1513176483.337646;57.77321268573779;12.76797803628721;
1513176483.353063;1513176483.353063;1513176483.35322;57.77321150362675;12.76798524191917;
1513176483.364726;1513176483.364726;1513176483.364888;57.77321032765213;12.76799243829678;
1513176483.389168;1513176483.389168;1513176483.38933;57.77320857329502;12.76800321259743;
1513176483.452414;1513176483.452414;1513176483.452517;57.77320682558715;12.76801395816569;
1513176483.532564;1513176483.532564;1513176483.532791;57.77320566404278;12.76802110246376;
1513176483.612765;1513176483.612765;1513176483.612926;57.77320450637268;12.76802822873982;
1513176483.652735;1513176483.652735;1513176483.652848;57.77320392915522;12.76803178335655;
1513176483.73274;1513176483.73274;1513176483.73285;57.77320277777211;12.76803887667409;
1513176483.799864;1513176483.799864;1513176483.799964;57.77320163020744;12.76804594535105;
1513176483.810786;1513176483.810786;1513176483.810887;57.77320048512912;12.76805298580422;
1513176483.821213;1513176483.821213;1513176483.821675;57.77319934403781;12.76805999910744;
1513176483.832199;1513176483.832199;1513176483.832305;57.77319820870147;12.76806698526392;
1513176483.842162;1513176483.842162;1513176483.842267;57.7731970781486;12.76807394397942;
1513176483.851787;1513176483.851787;1513176483.851901;57.77319595104486;12.76808087533816;
1513176483.861854;1513176483.861854;1513176483.861955;57.77319482688274;12.76808777640911;
1513176483.902639;1513176483.902639;1513176483.902743;57.77319370650206;12.76809464778085;
1513176483.982804;1513176483.982804;1513176483.982979;57.77319259213468;12.76810148899365;
1513176484.040723;1513176484.040723;1513176484.040824;57.77319148358468;12.76810829980034;
1513176484.102835;1513176484.102835;1513176484.102941;57.77319038076051;12.7681150823893;
1513176484.18282;1513176484.18282;1513176484.182921;57.77318928349932;12.76812183520912;
1513176484.229834;1513176484.229834;1513176484.230337;57.77318819080573;12.76812855833141;
1513176484.250408;1513176484.250408;1513176484.250508;57.77318710402098;12.76813525102003;
1513176484.269775;1513176484.269775;1513176484.270001;57.77318602318582;12.76814191705375;
1513176484.306465;1513176484.306465;1513176484.306568;57.77318494832664;12.76814855445241;
1513176484.318924;1513176484.318924;1513176484.319026;57.77318387907998;12.76815516218608;
1513176484.331297;1513176484.331297;1513176484.331395;57.77318281459665;12.76816174277871;
1513176484.356499;1513176484.356499;1513176484.356606;57.77318177564064;12.76816830292087;
1513176484.389304;1513176484.389304;1513176484.389408;57.77318125735889;12.76817157187716;
1513176484.464063;1513176484.464063;1513176484.464177;57.77318022634608;12.76817808992423;
1513176484.555493;1513176484.555493;1513176484.555778;57.77317920261217;12.76818458043151;
1513176484.640589;1513176484.640589;1513176484.641343;57.77317818380095;12.76819104039889;
1513176484.706765;1513176484.706765;1513176484.707581;57.77317716721547;12.76819746855658;
1513176484.787386;1513176484.787386;1513176484.788274;57.7731766602295;12.76820067252984;
1513176484.820724;1513176484.820724;1513176484.821728;57.77317564897216;12.76820705686959;
1513176484.857733;1513176484.857733;1513176484.857837;57.77317464126489;12.76821341156565;
1513176484.892786;1513176484.892786;1513176484.893958;57.77317363964838;12.76821974040268;
1513176484.959602;1513176484.959602;1513176484.961205;57.7731726441596;12.76822604236387;
1513176485.018638;1513176485.018638;1513176485.018749;57.77317116181905;12.76823543913951;
1513176485.04648;1513176485.04648;1513176485.046588;57.77317017849364;12.76824167075935;
1513176485.070314;1513176485.070314;1513176485.070416;57.77316870905997;12.76825097672288;
1513176485.076675;1513176485.076675;1513176485.076785;57.77316773296478;12.76825715604624;
1513176485.082881;1513176485.082881;1513176485.082981;57.77316676142034;12.76826331464992;
1513176485.127022;1513176485.127022;1513176485.127257;57.77316579305599;12.76826945037611;
1513176485.156141;1513176485.156141;1513176485.156299;57.77316482861647;12.76827556468301;
1513176485.180782;1513176485.180782;1513176485.180889;57.77316386833236;12.76828165615049;
1513176485.227092;1513176485.227092;1513176485.227203;57.77316291129829;12.76828772536504;
1513176485.240649;1513176485.240649;1513176485.240758;57.77316195777527;12.76829377125459;
1513176485.268509;1513176485.268509;1513176485.268622;57.77316100823299;12.76829979376279;
1513176485.286046;1513176485.286046;1513176485.286156;57.77316006389136;12.76830579059336;
1513176485.309436;1513176485.309436;1513176485.309546;57.77315912556286;12.76831176060026;
1513176485.338155;1513176485.338155;1513176485.338933;57.77315819215487;12.76831769925508;
1513176485.534305;1513176485.534305;1513176485.534415;57.77315631790668;12.76832946328263;
1513176485.590371;1513176485.590371;1513176485.590485;57.7731553895213;12.76833529534771;
1513176485.61012;1513176485.61012;1513176485.61023;57.77315446682384;12.76834109115273;
1513176485.636916;1513176485.636916;1513176485.63858;57.77315355042162;12.76834685119533;
1513176485.668431;1513176485.668431;1513176485.671228;57.77315218919045;12.76835542069785;
1513176485.690108;1513176485.690108;1513176485.690228;57.77315129182771;12.76836108776629;
1513176485.706364;1513176485.706364;1513176485.706483;57.77315040140444;12.76836672090869;
1513176485.727769;1513176485.727769;1513176485.731719;57.77314951630832;12.76837231990586;
1513176485.769096;1513176485.769096;1513176485.769177;57.77314863540707;12.76837788524995;
1513176485.849131;1513176485.849131;1513176485.849238;57.77314776005935;12.76838342044265;
1513176485.929782;1513176485.929782;1513176485.930456;57.7731468897131;12.76838892425956;
1513176486.009456;1513176486.009456;1513176486.009629;57.77314602489216;12.76839439940504;
1513176486.043099;1513176486.043099;1513176486.043207;57.77314516478162;12.76839984727403;
1513176486.055565;1513176486.055565;1513176486.055729;57.77314430762672;12.7684052692209;
1513176486.065798;1513176486.065798;1513176486.065904;57.77314345368818;12.7684106667659;
1513176486.078681;1513176486.078681;1513176486.078857;57.77314260233437;12.76841603951424;
1513176486.091145;1513176486.091145;1513176486.091204;57.77314175465638;12.76842138637268;
1513176486.102651;1513176486.102651;1513176486.103283;57.77314091341835;12.768426708797;
1513176486.113413;1513176486.113413;1513176486.113532;57.77314007883676;12.76843200879366;
1513176486.133343;1513176486.133343;1513176486.133561;57.7731392479928;12.76843728809032;
1513176486.212832;1513176486.212832;1513176486.212936;57.7731384196944;12.76844254685781;
1513176486.283093;1513176486.283093;1513176486.28328;57.77313759330374;12.7684477845032;
1513176486.362596;1513176486.362596;1513176486.362696;57.7731367693569;12.76845300038529;
1513176486.46142;1513176486.46142;1513176486.462727;57.77313595232213;12.76845819251489;
1513176486.539791;1513176486.539791;1513176486.540462;57.77313473868627;12.76846593471904;
1513176486.560712;1513176486.560712;1513176486.560833;57.77313393676469;12.76847106800428;
1513176486.575212;1513176486.575212;1513176486.575374;57.77313313980485;12.7684761775893;
1513176486.590987;1513176486.590987;1513176486.591122;57.77313234679853;12.76848126119495;
1513176486.635631;1513176486.635631;1513176486.635758;57.77313116428368;12.7684888373263;
1513176486.654342;1513176486.654342;1513176486.654532;57.77313038111039;12.76849385544298;
1513176486.712627;1513176486.712627;1513176486.712736;57.77312960382348;12.76849884813526;
1513176486.793637;1513176486.793637;1513176486.793762;57.77312882999005;12.76850381882878;
1513176486.873721;1513176486.873721;1513176486.873827;57.77312806031949;12.76850877056834;
1513176486.942366;1513176486.942366;1513176486.942469;57.77312729398484;12.76851370529794;
1513176486.97976;1513176486.97976;1513176486.979871;57.77312653027765;12.76851862356468;
1513176487.006251;1513176487.006251;1513176487.00643;57.77312576823811;12.7685235256363;
1513176487.023726;1513176487.023726;1513176487.023852;57.77312500836608;12.7685284111298;
1513176487.031699;1513176487.031699;1513176487.031805;57.77312425075647;12.76853328073921;
1513176487.038903;1513176487.038903;1513176487.039015;57.77312349583934;12.76853813398948;
1513176487.048338;1513176487.048338;1513176487.048468;57.77312274362162;12.76854297355555;
1513176487.055717;1513176487.055717;1513176487.055813;57.77312199401293;12.76854780165177;
1513176487.08285;1513176487.08285;1513176487.082953;57.77312124637394;12.76855262002569;
1513176487.162697;1513176487.162697;1513176487.162872;57.77312050136138;12.76855742958084;
1513176487.24001;1513176487.24001;1513176487.240124;57.77311975867763;12.76856222891447;
1513176487.313593;1513176487.313593;1513176487.313697;57.77311901720848;12.7685670176694;
1513176487.375782;1513176487.375782;1513176487.375889;57.77311827614017;12.76857179910841;
1513176487.398932;1513176487.398932;1513176487.399038;57.77311753549768;12.7685765768804;
1513176487.418853;1513176487.418853;1513176487.419023;57.77311679270291;12.76858135129984;
1513176487.46283;1513176487.46283;1513176487.46295;57.77311567650595;12.76858849838745;
1513176487.485414;1513176487.485414;1513176487.485525;57.77311493462713;12.7685932519469;
1513176487.492572;1513176487.492572;1513176487.49268;57.77311419467879;12.76859799546527;
1513176487.533152;1513176487.533152;1513176487.53326;57.77311345685315;12.76860273550811;
1513176487.672812;1513176487.672812;1513176487.672921;57.77311235141456;12.76860984935908;
1513176487.754309;1513176487.754309;1513176487.754408;57.77311161432857;12.76861459217986;
1513176487.823573;1513176487.823573;1513176487.823705;57.77311087622616;12.76861933097101;
1513176487.835535;1513176487.835535;1513176487.835711;57.77311013872306;12.76862406757124;
1513176487.84969;1513176487.84969;1513176487.850181;57.77310940275534;12.76862880044117;
1513176487.859121;1513176487.859121;1513176487.859223;57.77310903483308;12.76863116609819;
1513176487.896061;1513176487.896061;1513176487.896452;57.77310829952165;12.76863589686744;
1513176487.913977;1513176487.913977;1513176487.914084;57.77310756553734;12.76864062476305;
1513176487.926649;1513176487.926649;1513176487.926758;57.77310683269945;12.7686453510499;
1513176487.936927;1513176487.936927;1513176487.937024;57.77310610159869;12.76865007729731;
1513176487.96414;1513176487.96414;1513176487.965537;57.77310537091968;12.76865480243488;
1513176488.033934;1513176488.033934;1513176488.034039;57.77310463950639;12.76865952953409;
1513176488.081892;1513176488.081892;1513176488.082001;57.77310390657959;12.76866425913708;
1513176488.159635;1513176488.159635;1513176488.159735;57.77310317304436;12.76866899131601;
1513176488.240159;1513176488.240159;1513176488.240271;57.77310243926893;12.76867372671438;
1513176488.257681;1513176488.257681;1513176488.257787;57.77310170594379;12.76867846616662;
1513176488.270557;1513176488.270557;1513176488.27103;57.77310097406744;12.76868321115656;
1513176488.286023;1513176488.286023;1513176488.286083;57.77310024220515;12.768687962223;
1513176488.300349;1513176488.300349;1513176488.300614;57.7730995094084;12.76869271963973;
1513176488.334482;1513176488.334482;1513176488.335528;57.77309877550766;12.76869748430735;
1513176488.393589;1513176488.393589;1513176488.3937;57.7730980304907;12.76870223598952;
1513176488.410015;1513176488.410015;1513176488.410152;57.77309765842205;12.76870461539425;
1513176488.44044;1513176488.44044;1513176488.440546;57.77309691266588;12.76870938352103;
1513176488.519829;1513176488.519829;1513176488.519934;57.7730961652111;12.76871416482334;
1513176488.599302;1513176488.599302;1513176488.599412;57.77309541560641;12.76871896047559;
1513176488.67914;1513176488.67914;1513176488.679554;57.77309466542998;12.76872376881393;
1513176488.717519;1513176488.717519;1513176488.71762;57.7730942903229;12.76872617769414;
1513176488.731875;1513176488.731875;1513176488.731981;57.77309353940036;12.76873100304356;
1513176488.749925;1513176488.749925;1513176488.750028;57.77309278575039;12.76873583893044;
1513176488.761791;1513176488.761791;1513176488.761891;57.77309202917873;12.76874068611999;
1513176488.779729;1513176488.779729;1513176488.781141;57.77309127012511;12.76874554813538;
1513176488.798714;1513176488.798714;1513176488.798822;57.77309050922058;12.76875042753753;
1513176488.813431;1513176488.813431;1513176488.813533;57.77308974702274;12.76875532179829;
1513176488.835486;1513176488.835486;1513176488.83559;57.77308898238129;12.76876023058924;
1513176488.912913;1513176488.912913;1513176488.913019;57.77308821466452;12.76876515423734;
1513176488.992806;1513176488.992806;1513176488.992909;57.77308744448193;12.76877009120896;
1513176489.049328;1513176489.049328;1513176489.049436;57.77308667200886;12.76877504289359;
1513176489.109954;1513176489.109954;1513176489.110055;57.77308589829859;12.76878000804574;
1513176489.146555;1513176489.146555;1513176489.146704;57.77308512258107;12.7687849854809;
1513176489.154834;1513176489.154834;1513176489.154949;57.773084344835;12.76878997792508;
1513176489.182204;1513176489.182204;1513176489.182373;57.77308356575212;12.7687949853811;
1513176489.193747;1513176489.193747;1513176489.193842;57.77308278539891;12.76880000765624;
1513176489.248947;1513176489.248947;1513176489.25005;57.77308200322794;12.76880504477232;
1513176489.30463;1513176489.30463;1513176489.307074;57.77308121921149;12.76881009630205;
1513176489.345658;1513176489.345658;1513176489.345772;57.77308043326032;12.76881516234057;
1513176489.359632;1513176489.359632;1513176489.359734;57.77307964573976;12.76882024306808;
1513176489.513739;1513176489.513739;1513176489.514329;57.77307808012822;12.76883046071933;
1513176489.59343;1513176489.59343;1513176489.593552;57.77307729498668;12.76883559273241;
1513176489.608921;1513176489.608921;1513176489.609041;57.77307650698598;12.76884074051185;
1513176489.621522;1513176489.621522;1513176489.622745;57.77307571688526;12.76884590419028;
1513176489.640219;1513176489.640219;1513176489.640329;57.77307452818661;12.76885368027322;
1513176489.656951;1513176489.656951;1513176489.65705;57.77307373416296;12.76885888462241;
1513176489.674313;1513176489.674313;1513176489.674435;57.77307293873232;12.76886410415337;
1513176489.683891;1513176489.683891;1513176489.6842;57.77307214256378;12.76886934003463;
1513176489.739302;1513176489.739302;1513176489.739425;57.77307134504279;12.76887459329257;
1513176489.779343;1513176489.779343;1513176489.779445;57.77307094541462;12.76887722660103;
1513176489.859352;1513176489.859352;1513176489.859449;57.77307014459382;12.76888250724043;
1513176489.939344;1513176489.939344;1513176489.939448;57.77306934072603;12.76888780504068;
1513176490.021082;1513176490.021082;1513176490.021343;57.77306853449658;12.76889312018748;
1513176490.059618;1513176490.059618;1513176490.059742;57.77306772647803;12.76889845096225;
1513176490.074594;1513176490.074594;1513176490.074698;57.77306691668492;12.76890379691435;
1513176490.087332;1513176490.087332;1513176490.087432;57.77306610520719;12.76890915669527;
1513176490.09973;1513176490.09973;1513176490.099833;57.7730652910586;12.76891453089336;
1513176490.112451;1513176490.112451;1513176490.11256;57.77306447461356;12.76891991901504;
1513176490.12723;1513176490.12723;1513176490.127335;57.77306365601315;12.76892532169871;
1513176490.140849;1513176490.140849;1513176490.14179;57.77306283544115;12.76893073886108;
1513176490.156061;1513176490.156061;1513176490.15617;57.77306201359524;12.7689361715042;
1513176490.229024;1513176490.229024;1513176490.229598;57.77306119040604;12.76894161994619;
1513176490.299265;1513176490.299265;1513176490.299379;57.77306036547756;12.76894708362072;
1513176490.379223;1513176490.379223;1513176490.379325;57.77305953849142;12.76895256250607;
1513176490.503334;1513176490.503334;1513176490.503466;57.77305870366667;12.76895804782453;
1513176490.523617;1513176490.523617;1513176490.524304;57.7730582862341;12.76896079661221;
1513176490.553726;1513176490.553726;1513176490.563401;57.77305744971574;12.76896630491128;
1513176490.586317;1513176490.586317;1513176490.58834;57.77305661140031;12.76897182735536;
1513176490.599972;1513176490.599972;1513176490.600075;57.77305577135928;12.76897736335093;
1513176490.620018;1513176490.620018;1513176490.620124;57.7730549300644;12.76898291385592;
1513176490.630558;1513176490.630558;1513176490.630664;57.77305450907832;12.76898569413336;
1513176490.651502;1513176490.651502;1513176490.651621;57.77305366631425;12.76899126626283;
1513176490.67005;1513176490.67005;1513176490.670181;57.77305282205101;12.76899685307987;
1513176490.724566;1513176490.724566;1513176490.724694;57.77305197563716;12.76900245489387;
1513176490.802809;1513176490.802809;1513176490.802983;57.77305112672948;12.76900807194407;
1513176490.882755;1513176490.882755;1513176490.882861;57.77305027606453;12.76901370454762;
1513176490.962916;1513176490.962916;1513176490.963029;57.77304942401801;12.76901935213282;
1513176490.982531;1513176490.982531;1513176490.982627;57.77304856995597;12.76902501394168;
1513176490.999242;1513176490.999242;1513176490.999338;57.77304771345674;12.76903068983908;
1513176491.011338;1513176491.011338;1513176491.011433;57.77304685503712;12.76903638097185;
1513176491.029875;1513176491.029875;1513176491.02998;57.77304599544023;12.76904208776874;
1513176491.038421;1513176491.038421;1513176491.038614;57.77304513473157;12.7690478094743;
1513176491.04795;1513176491.04795;1513176491.048051;57.77304427377831;12.76905354508363;
1513176491.054466;1513176491.054466;1513176491.054569;57.77304341161096;12.76905929355724;
1513176491.130001;1513176491.130001;1513176491.130109;57.77304254728639;12.76906505369051;
1513176491.23857;1513176491.23857;1513176491.238674;57.77304168162926;12.76907082672994;
1513176491.312792;1513176491.312792;1513176491.312895;57.77304081446759;12.76907661270679;
1513176491.393159;1513176491.393159;1513176491.39337;57.77303994636935;12.76908241155417;
1513176491.461665;1513176491.461665;1513176491.461771;57.77303907791376;12.7690882229814;
1513176491.489776;1513176491.489776;1513176491.489942;57.7730382085043;12.76909404611929;
1513176491.505953;1513176491.505953;1513176491.509945;57.77303733752309;12.7690998688525;
1513176491.517958;1513176491.517958;1513176491.52005;57.77303690262054;12.76910278501801;
1513176491.535174;1513176491.535174;1513176491.535286;57.77303603241347;12.76910862636091;
1513176491.557902;1513176491.557902;1513176491.558022;57.77303472526162;12.76911740999987;
1513176491.58506;1513176491.58506;1513176491.585224;57.773032978637;12.76912916067343;
1513176491.614875;1513176491.614875;1513176491.615123;57.77303210356419;12.76913505434715;
1513176491.693032;1513176491.693032;1513176491.693197;57.77303122616269;12.76914096008922;
1513176491.786567;1513176491.786567;1513176491.786681;57.77303034691252;12.76914687821535;
1513176491.853122;1513176491.853122;1513176491.854027;57.77302946560886;12.76915280864153;
1513176491.942458;1513176491.942458;1513176491.942561;57.77302769987204;12.76916470786662;
1513176491.971874;1513176491.971874;1513176491.971985;57.77302681421602;12.76917067671344;
1513176491.990782;1513176491.990782;1513176491.990886;57.77302592589331;12.76917665802578;
1513176492.024649;1513176492.024649;1513176492.024768;57.77302503557824;12.76918265206273;
1513176492.051639;1513176492.051639;1513176492.051742;57.77302414399579;12.76918865921279;
1513176492.131912;1513176492.131912;1513176492.132027;57.7730232510721;12.76919467979777;
1513176492.162459;1513176492.162459;1513176492.162523;57.7730223563518;12.7692007135022;
1513176492.191606;1513176492.191606;1513176492.191729;57.77302145875197;12.76920675989715;
1513176492.212111;1513176492.212111;1513176492.213076;57.77302055886599;12.76921282075311;
1513176492.239322;1513176492.239322;1513176492.239784;57.77301965725812;12.76921889599116;
1513176492.319553;1513176492.319553;1513176492.31967;57.77301875341328;12.7692249856478;
1513176492.38934;1513176492.38934;1513176492.389764;57.77301739499308;12.76923414687726;
1513176492.402923;1513176492.402923;1513176492.4034;57.77301648851534;12.76924027202097;
1513176492.43969;1513176492.43969;1513176492.439816;57.77301423514141;12.76925564592851;
1513176492.452094;1513176492.452094;1513176492.452228;57.77301333301047;12.7692618157992;
1513176492.464083;1513176492.464083;1513176492.464203;57.77301243011391;12.76926799638991;
1513176492.522249;1513176492.522249;1513176492.522321;57.77301152657498;12.76927418828413;
1513176492.653142;1513176492.653142;1513176492.653252;57.77301017016923;12.76928349803076;
1513176492.73413;1513176492.73413;1513176492.734243;57.7730092639661;12.76928971915169;
1513176492.813592;1513176492.813592;1513176492.813694;57.77300835661432;12.76929595231404;
1513176492.86122;1513176492.86122;1513176492.861319;57.77300744814124;12.76930219737585;
1513176492.888344;1513176492.888344;1513176492.888445;57.77300653909713;12.76930845573104;
1513176492.901789;1513176492.901789;1513176492.901897;57.77300608448716;12.76931158986754;
1513176492.930499;1513176492.930499;1513176492.93061;57.77300517411688;12.76931786804635;
1513176492.95768;1513176492.95768;1513176492.957782;57.77300334772828;12.76933046058336;
1513176492.975206;1513176492.975206;1513176492.975308;57.77300243217431;12.76933677260001;
1513176492.991678;1513176492.991678;1513176492.991784;57.7730015159555;12.7693430941869;
1513176493.012505;1513176493.012505;1513176493.012617;57.77300059933749;12.76934942441695;
1513176493.050267;1513176493.050267;1513176493.0504;57.77299968273482;12.76935576344923;
1513176493.129364;1513176493.129364;1513176493.129462;57.7729987656975;12.76936211200926;
1513176493.209374;1513176493.209374;1513176493.209478;57.77299784823762;12.76936847133364;
1513176493.282933;1513176493.282933;1513176493.283047;57.77299692998643;12.76937484044662;
1513176493.299671;1513176493.299671;1513176493.300225;57.7729960104438;12.76938121924285;
1513176493.314559;1513176493.314559;1513176493.314667;57.77299508942878;12.76938760729299;
1513176493.328961;1513176493.328961;1513176493.329071;57.77299416651928;12.76939400462119;
1513176493.346357;1513176493.346357;1513176493.346478;57.77299324224282;12.76940041246369;
1513176493.369718;1513176493.369718;1513176493.37014;57.77299231700231;12.76940682660396;
1513176493.381667;1513176493.381667;1513176493.381773;57.77299185451484;12.76941003724194;
1513176493.409693;1513176493.409693;1513176493.409897;57.77299092932034;12.76941646531211;
1513176493.489918;1513176493.489918;1513176493.490162;57.77299000425729;12.76942290102987;
1513176493.570122;1513176493.570122;1513176493.570234;57.77298907804633;12.76942934293107;
1513176493.641296;1513176493.641296;1513176493.641406;57.77298815003226;12.76943579010127;
1513176493.699361;1513176493.699361;1513176493.699459;57.77298768518024;12.76943901616589;
1513176493.757344;1513176493.757344;1513176493.757446;57.77298675505225;12.76944547421386;
1513176493.769763;1513176493.769763;1513176493.769869;57.77298582451869;12.769451941545;
1513176493.790799;1513176493.790799;1513176493.790919;57.77298489331944;12.76945841786499;
1513176493.812078;1513176493.812078;1513176493.812502;57.772983960972;12.76946490134937;
1513176493.830831;1513176493.830831;1513176493.830949;57.77298302748434;12.76947139046717;
1513176493.852309;1513176493.852309;1513176493.85242;57.77298209256506;12.76947788456742;
1513176493.869491;1513176493.869491;1513176493.87007;57.77298115734526;12.76948438519867;
1513176493.890851;1513176493.890851;1513176493.89146;57.77298022159412;12.76949089413156;
1513176493.949472;1513176493.949472;1513176493.949586;57.77297928542399;12.76949741298253;
1513176494.027294;1513176494.027294;1513176494.028673;57.77297834791992;12.76950394157961;
1513176494.070363;1513176494.070363;1513176494.070763;57.77297740806903;12.76951047891562;
1513176494.149526;1513176494.149526;1513176494.149625;57.77297646726435;12.76951702450959;
1513176494.188961;1513176494.188961;1513176494.189385;57.77297552589783;12.76952357641597;
1513176494.198796;1513176494.198796;1513176494.198908;57.77297458400456;12.76953013364502;
1513176494.205134;1513176494.205134;1513176494.205298;57.77297364168956;12.76953669688843;
1513176494.212311;1513176494.212311;1513176494.212415;57.77297269852052;12.76954326701046;
1513176494.228811;1513176494.228811;1513176494.228914;57.77297175350735;12.76954984401952;
1513176494.264646;1513176494.264646;1513176494.265783;57.77297080792508;12.76955642929463;
1513176494.290856;1513176494.290856;1513176494.290966;57.77296986210571;12.7695630226809;
1513176494.389823;1513176494.389823;1513176494.389954;57.77296891427569;12.76956962871872;
1513176494.432886;1513176494.432886;1513176494.432996;57.77296843996931;12.76957293419915;
1513176494.513302;1513176494.513302;1513176494.513411;57.77296749062576;12.76957954944133;
1513176494.592795;1513176494.592795;1513176494.592953;57.77296654021693;12.76958617179219;
1513176494.658771;1513176494.658771;1513176494.65888;57.77296558904938;12.76959280225026;
1513176494.680803;1513176494.680803;1513176494.681694;57.77296463758336;12.76959944132147;
1513176494.693388;1513176494.693388;1513176494.6963;57.77296416137181;12.76960276430403;
1513176494.713928;1513176494.713928;1513176494.716566;57.77296320851908;12.7696094170882;
1513176494.7315;1513176494.7315;1513176494.731949;57.77296225389704;12.76961607826199;
1513176494.745167;1513176494.745167;1513176494.745861;57.77296129697783;12.76962274787321;
1513176494.782086;1513176494.782086;1513176494.782256;57.77296033899667;12.7696294262541;
1513176494.803961;1513176494.803961;1513176494.804127;57.77295890076218;12.76963946148541;
1513176494.863014;1513176494.863014;1513176494.863651;57.77295794200516;12.76964616370988;
1513176494.942817;1513176494.942817;1513176494.94292;57.77295698205523;12.76965287389719;
1513176495.025684;1513176495.025684;1513176495.027345;57.77295602003031;12.76965959209373;
1513176495.06298;1513176495.06298;1513176495.063082;57.77295505656106;12.76966631872018;
1513176495.102249;1513176495.102249;1513176495.102359;57.77295409261134;12.76967305498586;
1513176495.121198;1513176495.121198;1513176495.1213;57.77295312841963;12.76967980083001;
1513176495.158075;1513176495.158075;1513176495.158727;57.77295216338042;12.76968655496424;
1513176495.187869;1513176495.187869;1513176495.187974;57.77295119643549;12.76969331701434;
1513176495.203153;1513176495.203153;1513176495.203259;57.77295022760993;12.76970008778125;
1513176495.223901;1513176495.223901;1513176495.22401;57.7729492571052;12.76970686714672;
1513176495.251094;1513176495.251094;1513176495.251199;57.77294828528822;12.76971365480187;
1513176495.282811;1513176495.282811;1513176495.282917;57.77294731306471;12.76972045073505;
1513176495.313876;1513176495.313876;1513176495.313987;57.77294634012273;12.76972725563586;
1513176495.413188;1513176495.413188;1513176495.413296;57.77294536873116;12.76973406588193;
1513176495.548276;1513176495.548276;1513176495.54845;57.77294391336333;12.76974429394303;
1513176495.563233;1513176495.563233;1513176495.563342;57.77294294196408;12.76975112523058;
1513176495.580764;1513176495.580764;1513176495.580869;57.77294196870992;12.76975796542562;
1513176495.605393;1513176495.605393;1513176495.605799;57.77294099433661;12.76976481376506;
1513176495.638409;1513176495.638409;1513176495.638517;57.77293953029258;12.76977510314419;
1513176495.649762;1513176495.649762;1513176495.650881;57.77293855287468;12.76978197502571;
1513176495.661132;1513176495.661132;1513176495.663003;57.77293757391238;12.76978885702166;
1513176495.720443;1513176495.720443;1513176495.720547;57.77293659249392;12.76979574791408;
1513176495.799832;1513176495.799832;1513176495.799933;57.77293560931788;12.76980264771241;
1513176495.843437;1513176495.843437;1513176495.843498;57.77293511688009;12.76980610037972;
1513176495.923105;1513176495.923105;1513176495.923744;57.77293413141836;12.76981301308123;
1513176496.003585;1513176496.003585;1513176496.004056;57.77293314549529;12.769819934561;
1513176496.029206;1513176496.029206;1513176496.029313;57.7729321584758;12.76982686525814;
1513176496.0574;1513176496.0574;1513176496.058064;57.77293116951343;12.76983380509785;
1513176496.093214;1513176496.093214;1513176496.093765;57.77293017790279;12.76984075370586;
1513176496.117749;1513176496.117749;1513176496.117977;57.7729291843524;12.76984771065981;
1513176496.133282;1513176496.133282;1513176496.133448;57.77292818988851;12.76985467543791;
1513176496.145077;1513176496.145077;1513176496.145186;57.77292719519264;12.76986164720025;
1513176496.157168;1513176496.157168;1513176496.157275;57.77292620032831;12.76986862646452;
1513176496.169057;1513176496.169057;1513176496.169166;57.77292520325486;12.76987561277443;
1513176496.233531;1513176496.233531;1513176496.234038;57.77292420455118;12.76988260692916;
1513176496.304247;1513176496.304247;1513176496.304681;57.77292320468867;12.7698896098913;
1513176496.382909;1513176496.382909;1513176496.383012;57.77292220404308;12.76989662189798;
1513176496.451499;1513176496.451499;1513176496.455762;57.77292120204947;12.76990364174044;
1513176496.480707;1513176496.480707;1513176496.480803;57.7729201970566;12.76991066677052;
1513176496.49048;1513176496.49048;1513176496.490592;57.77291969393386;12.76991418206051;
1513176496.506189;1513176496.506189;1513176496.50635;57.77291868617594;12.7699212176457;
1513176496.520003;1513176496.520003;1513176496.520105;57.77291767783331;12.76992826248041;
1513176496.538349;1513176496.538349;1513176496.538454;57.77291666855482;12.76993531642241;
1513176496.549028;1513176496.549028;1513176496.549141;57.77291565788044;12.76994237966768;
1513176496.557246;1513176496.557246;1513176496.557345;57.77291515168017;12.76994591470664;
1513176496.619571;1513176496.619571;1513176496.619672;57.77291413736884;12.76995299064816;
1513176496.699274;1513176496.699274;1513176496.699378;57.77291312098119;12.7699600757112;
1513176496.789419;1513176496.789419;1513176496.789528;57.77291210321312;12.76996717148223;
1513176496.869505;1513176496.869505;1513176496.869585;57.77291108394918;12.76997427702691;
1513176496.923402;1513176496.923402;1513176496.9235;57.77291006234815;12.7699813927511;
1513176496.937632;1513176496.937632;1513176496.937732;57.77290903820671;12.76998851810082;
1513176496.950804;1513176496.950804;1513176496.950909;57.77290801150869;12.7699956524995;
1513176496.966993;1513176496.966993;1513176496.967141;57.77290698370223;12.77000279508114;
1513176496.986451;1513176496.986451;1513176496.986622;57.77290595358735;12.77000994378497;
1513176497.002756;1513176497.002756;1513176497.002861;57.77290492188515;12.77001709817534;
1513176497.015523;1513176497.015523;1513176497.015628;57.77290388793241;12.77002425716856;
1513176497.034234;1513176497.034234;1513176497.034336;57.77290285179661;12.77003142051029;
1513176497.064262;1513176497.064262;1513176497.064368;57.7729018146341;12.77003858791898;
1513176497.143638;1513176497.143638;1513176497.14374;57.77290077642024;12.77004575941466;
1513176497.224185;1513176497.224185;1513176497.22438;57.77289973671844;12.77005293483378;
1513176497.294538;1513176497.294538;1513176497.294843;57.77289869556011;12.77006011350665;
1513176497.350315;1513176497.350315;1513176497.350429;57.77289765287676;12.77006729503153;
1513176497.371879;1513176497.371879;1513176497.371984;57.77289660971623;12.7700744799217;
1513176497.400131;1513176497.400131;1513176497.400238;57.77289556605029;12.77008166824644;
1513176497.430092;1513176497.430092;1513176497.430195;57.77289451631759;12.77008886671537;
1513176497.442181;1513176497.442181;1513176497.442288;57.77289399094608;12.77009246654395;
1513176497.461977;1513176497.461977;1513176497.462083;57.77289293881022;12.77009966731714;
1513176497.487594;1513176497.487594;1513176497.4877;57.77289188573062;12.77010686927797;
1513176497.513477;1513176497.513477;1513176497.513582;57.7728908325775;12.77011407275999;
1513176497.593177;1513176497.593177;1513176497.593282;57.77288977883518;12.77012127668147;
1513176497.650586;1513176497.650586;1513176497.65065;57.77288925199394;12.77012487910467;
1513176497.729734;1513176497.729734;1513176497.729835;57.77288819698974;12.77013208280514;
1513176497.8095;1513176497.8095;1513176497.809611;57.77288714141896;12.77013928658476;
1513176497.82008;1513176497.82008;1513176497.820179;57.77288608566369;12.77014649032101;
1513176497.829343;1513176497.829343;1513176497.829446;57.77288502856577;12.77015369303206;
1513176497.840847;1513176497.840847;1513176497.840945;57.77288344050387;12.77016449386138;
1513176497.861675;1513176497.861675;1513176497.861774;57.77288184928601;12.7701752886805;
1513176497.871672;1513176497.871672;1513176497.871775;57.77288078857168;12.77018248384722;
1513176497.889558;1513176497.889558;1513176497.88966;57.77287972787629;12.77018967780067;
1513176497.969471;1513176497.969471;1513176497.969571;57.77287866679134;12.77019687063452;
1513176498.039945;1513176498.039945;1513176498.040128;57.77287760389319;12.77020406062891;
1513176498.089538;1513176498.089538;1513176498.090161;57.77287653944162;12.77021124702511;
1513176498.179446;1513176498.179446;1513176498.180225;57.77287547394991;12.7702184307279;
1513176498.250081;1513176498.250081;1513176498.25019;57.77287440838469;12.77022561284114;
1513176498.260497;1513176498.260497;1513176498.260606;57.77287334306584;12.77023279253762;
1513176498.279998;1513176498.279998;1513176498.280105;57.77287227743251;12.77023996931954;
1513176498.30246;1513176498.30246;1513176498.302766;57.77287121014632;12.7702471425705;
1513176498.323068;1513176498.323068;1513176498.323131;57.77287014287468;12.77025431260948;
1513176498.331986;1513176498.331986;1513176498.332092;57.77286907538257;12.77026147985735;
1513176498.433031;1513176498.433031;1513176498.433129;57.77286693904423;12.77027578267865;
1513176498.539425;1513176498.539425;1513176498.539532;57.77286533654599;12.77028650217652;
1513176498.609413;1513176498.609413;1513176498.610055;57.7728642676016;12.7702936448648;
1513176498.740189;1513176498.740189;1513176498.7403;57.77286213012774;12.77030792070183;
1513176498.759006;1513176498.759006;1513176498.759107;57.77286106079051;12.7703150523153;
1513176498.764093;1513176498.764093;1513176498.764193;57.77285999060621;12.77032218044045;
1513176498.769792;1513176498.769792;1513176498.7699;57.77285892076634;12.7703293062803;
1513176498.776631;1513176498.776631;1513176498.776736;57.77285785044519;12.77033642956185;
1513176498.780934;1513176498.780934;1513176498.781038;57.77285731487918;12.77033998971593;
1513176498.787258;1513176498.787258;1513176498.787362;57.77285624330997;12.77034710790102;
1513176498.833377;1513176498.833377;1513176498.833481;57.77285516996763;12.7703542217828;
1513176498.913404;1513176498.913404;1513176498.913576;57.77285409576947;12.77036133253989;
1513176498.993278;1513176498.993278;1513176498.993384;57.77285302110086;12.77036844024598;
1513176499.043356;1513176499.043356;1513176499.043878;57.7728519465532;12.77037554541131;
1513176499.103213;1513176499.103213;1513176499.103314;57.77285087172368;12.77038264769148;
1513176499.155303;1513176499.155303;1513176499.155406;57.77284979475557;12.77038974598739;
1513176499.166928;1513176499.166928;1513176499.167032;57.77284871567155;12.77039684087121;
1513176499.177736;1513176499.177736;1513176499.177834;57.77284763546025;12.77040393361181;
1513176499.193554;1513176499.193554;1513176499.193655;57.77284655428435;12.77041102393617;
1513176499.210098;1513176499.210098;1513176499.210271;57.77284547275671;12.77041811246616;
1513176499.222931;1513176499.222931;1513176499.22303;57.77284439007141;12.77042519821783;
1513176499.235966;1513176499.235966;1513176499.236067;57.77284330674884;12.77043228184244;
1513176499.259329;1513176499.259329;1513176499.259434;57.77284222276726;12.7704393632656;
1513176499.499939;1513176499.499939;1513176499.500525;57.77284004433211;12.77045351202087;
1513176499.57991;1513176499.57991;1513176499.580289;57.77283895648116;12.77046057182608;
1513176499.621778;1513176499.621778;1513176499.621884;57.77283787057073;12.77046761514061;
1513176499.635438;1513176499.635438;1513176499.635541;57.77283678825783;12.77047463603589;
1513176499.650754;1513176499.650754;1513176499.650859;57.77283571014913;12.77048162980428;
1513176499.663055;1513176499.663055;1513176499.663158;57.77283517254603;12.77048511362697;
1513176499.677954;1513176499.677954;1513176499.678054;57.77283410201366;12.7704920524591;
1513176499.690904;1513176499.690904;1513176499.691006;57.772833036745;12.77049894675658;
1513176499.701184;1513176499.701184;1513176499.701281;57.77283197840918;12.77050579507551;
1513176499.739943;1513176499.739943;1513176499.740123;57.7728309279191;12.77051259417788;
1513176499.819763;1513176499.819763;1513176499.819988;57.77282988516239;12.77051934504168;
1513176499.899727;1513176499.899727;1513176499.900052;57.77282885033916;12.77052604630221;
1513176499.979406;1513176499.979406;1513176499.979502;57.77282782174252;12.77053269670601;
1513176500.04071;1513176500.04071;1513176500.040814;57.77282680043614;12.77053929663963;
1513176500.05277;1513176500.05277;1513176500.05287;57.77282578647829;12.77054584762664;
1513176500.058456;1513176500.058456;1513176500.058558;57.77282478041507;12.77055235090597;
1513176500.066493;1513176500.066493;1513176500.06661;57.77282328586985;12.77056201582372;
1513176500.071757;1513176500.071757;1513176500.071855;57.7728222978247;12.77056839753128;
1513176500.083472;1513176500.083472;1513176500.083579;57.77282131644929;12.77057472935353;
1513176500.093933;1513176500.093933;1513176500.094036;57.77282034203672;12.77058101220563;
1513176500.133207;1513176500.133207;1513176500.13331;57.77281937519425;12.77058724732773;
1513176500.21341;1513176500.21341;1513176500.213515;57.77281841626345;12.77059343523094;
1513176500.282845;1513176500.282845;1513176500.282944;57.77281746471559;12.77059957609408;
1513176500.363174;1513176500.363174;1513176500.363265;57.77281651909889;12.77060567076293;
1513176500.507123;1513176500.507123;1513176500.507234;57.77281558607234;12.7706117201526;
1513176500.515614;1513176500.515614;1513176500.515717;57.77281512194001;12.77061472825954;
1513176500.529872;1513176500.529872;1513176500.529972;57.77281419752876;12.77062071140189;
1513176500.542674;1513176500.542674;1513176500.542792;57.77281327931774;12.77062665206301;
1513176500.554719;1513176500.554719;1513176500.554836;57.77281236720444;12.77063254980638;
1513176500.569845;1513176500.569845;1513176500.569953;57.77281146124088;12.77063840528749;
1513176500.588266;1513176500.588266;1513176500.588389;57.77281011426552;12.77064711236645;
1513176500.639462;1513176500.639462;1513176500.639565;57.77280922266753;12.77065287534129;
1513176500.71951;1513176500.71951;1513176500.719861;57.77280833700477;12.77065860054055;
1513176500.799536;1513176500.799536;1513176500.799654;57.7728074561256;12.77066429042632;
1513176500.879524;1513176500.879524;1513176500.879628;57.77280658071795;12.77066993907688;
1513176500.971611;1513176500.971611;1513176500.97171;57.77280571187494;12.77067554381186;
1513176500.995528;1513176500.995528;1513176500.995631;57.77280484910784;12.77068110659467;
1513176501.009065;1513176501.009065;1513176501.009176;57.77280399319007;12.77068662436888;
1513176501.014355;1513176501.014355;1513176501.015045;57.77280314425219;12.77069209721317;
1513176501.041373;1513176501.041373;1513176501.04193;57.77280230226271;12.77069752676466;
1513176501.086634;1513176501.086634;1513176501.086749;57.77280146728469;12.77070290890171;
1513176501.123416;1513176501.123416;1513176501.123526;57.77280063954154;12.77070824287179;
1513176501.148713;1513176501.148713;1513176501.148821;57.77279981800499;12.77071352876469;
1513176501.179146;1513176501.179146;1513176501.179255;57.77279900326248;12.77071876777518;
1513176501.199398;1513176501.199398;1513176501.199506;57.7727981957336;12.77072396041312;
1513176501.264662;1513176501.264662;1513176501.265036;57.77279739527469;12.77072910715918;
1513176501.340132;1513176501.340132;1513176501.340533;57.772796602543;12.77073420787472;
1513176501.415708;1513176501.415708;1513176501.416235;57.77279581567539;12.77073926167208;
1513176501.438155;1513176501.438155;1513176501.439105;57.77279503524537;12.77074426842394;
1513176501.485386;1513176501.485386;1513176501.485495;57.77279350480703;12.77075415863873;
1513176501.513231;1513176501.513231;1513176501.513344;57.77279274868211;12.77075903210206;
1513176501.545817;1513176501.545817;1513176501.545943;57.77279199940362;12.77076385791894;
1513176501.585171;1513176501.585171;1513176501.585284;57.77279125736453;12.77076863761328;
1513176501.628692;1513176501.628692;1513176501.628892;57.77279052288345;12.77077337089245;
1513176501.656845;1513176501.656845;1513176501.656947;57.77279015861979;12.77077571979812;
1513176501.69956;1513176501.69956;1513176501.699668;57.77278943591972;12.77078038194494;
1513176501.779615;1513176501.779615;1513176501.78002;57.77278871992485;12.77078499634474;
1513176501.859573;1513176501.859573;1513176501.859675;57.77278801115343;12.77078956215774;
1513176501.903056;1513176501.903056;1513176501.903161;57.77278731003058;12.77079407851098;
1513176501.919478;1513176501.919478;1513176501.919584;57.77278661665532;12.77079854506918;
1513176501.935911;1513176501.935911;1513176501.936693;57.77278593209034;12.77080296160637;
1513176501.953185;1513176501.953185;1513176501.95329;57.77278525433517;12.77080732725579;
1513176501.967744;1513176501.967744;1513176501.967851;57.77278458365705;12.77081164247415;
1513176501.987089;1513176501.987089;1513176501.987206;57.77278392184017;12.77081590751142;
1513176502.006926;1513176502.006926;1513176502.007046;57.77278326851099;12.77082012320074;
1513176502.043599;1513176502.043599;1513176502.043733;57.7727823037708;12.77082636029698;
